A00682:294:H3232DSXY:1:1101:17390:24408 77      *       0       0       *       *       0       0       AATCACCGACATTCAACTGGACCGCGTGTTCATCGGCTCCTGCACCAACTCGCGCATCGAGGACTTGCGTGCGGCGGCTGTGATCGCCAAGGGGCGCAAAGTGGCCTCGACCATCAAGCAGGCCATCGTCGTGCCGGGCTC   F:FFFFFFFFFFFFFFFFFFFFFFFFFFFFFFFFFFFFFFFFFFFFFFFFFFFFFFFFFFFFFFFFFFFFFFFFFFFFFFFF,FFFFFFFFFFFFFFF:FFFFFFFFFFFFFFFFFFFFFFFFFFFFFFFFFFFFFFFFFF   AS:i:0  XS:i:0  RG:Z:Triticum
A00682:294:H3232DSXY:1:1101:17390:24408 141     *       0       0       *       *       0       0       ATTCACGAACGTCGATGAAACGACCGTTCACCGCCGCCGCAGCGGCCATGGCCGGGCTGACGAGGTGGGTACGACCACCGGCGCCCTGACGGCCTTCAAAGTTGCGGTTGGAGGTCGAGGCGCAATGCTCGCCCGATTCCA   FFFFFFFFFFFFFF:FFFFFFFFFFFFFFFFFFFFFFFFFFFF:FFFFFFFFFFFFFFFFFFFFFFFFFFFFFFFFFFFFFFFFFFFFFFFFFFF:FFFFFFFFFFFFFFFFFFFFFFFFF:FF:FFFFFFFFF:::FFFF   AS:i:0  XS:i:0  RG:Z:Triticum
A00682:294:H3232DSXY:1:1101:29234:24408 99      15      426303319       60      141M    =       426303479       301     CTCCTAATCATCCAACCACACAAACTGATTCACACATACAAAAAAGGGTTCGAGGGGTGTAGATGCTGCAGAAGAGCAAGCATAATAAGATGGCCTAAGCGGGCTATAAAGATTTAAGTAATATACTTTTGCAGGGTTGGA   FFFFFFFFFFFFFFFFFFFFFFFFFFFFFFFFFFFFFFFFFFFFFFFFFFFFFFFFFFFFFFFFFFFFFFFFFFFFFFFFFF,FFFFFFFFFFFFFFFFFFFFFFFFFFFFFFFFFFFFFFFFFFFFFFF:FFFFFFFFFF   NM:i:0  MD:Z:141        MC:Z:141M       AS:i:141        XS:i:21 RG:Z:Triticum
A00682:294:H3232DSXY:1:1101:29234:24408 147     15      426303479       60      141M    =       426303319       -301    AAGAAAAGCAGGTTGTAGATTAACAGCCATCTGCAACACTGTTCACAGAAACATTTTTGAGAATGTAAGGTGGGCCATAATAGTTCATATTTATAGCTAACTATTATACGTGCTGACAATAAGATCGGCTGTAGATGACAT   F:FFFF:FFFFFFFFFFFFFFFFFFFFFFFFFFFFFFFFFFFFFFFFFFFFFFFFFFFFFFFFFFFFFFFFFFFFFFFFFFFFFFFFFFFFFFFFFF:FFFFFFFFFFFFFFF:FFFFFFFFF:FFFFFFFFFFFFFFFFF   NM:i:0  MD:Z:141        MC:Z:141M       AS:i:141        XS:i:91 RG:Z:Triticum
A00682:294:H3232DSXY:1:1101:11342:24424 83      34      157510934       44      141M    =       157510781       -294    GTACTGTTTTGGCAGATTGCTGTTATGGTTGCATTGTTCGCATATGTTTGCTTGCCTAATGATTCTATTTGAGGATAAGAGTATTAAATATGCAGAGACATTTAGTATTAAATGTTGAATAATAATTTTAGTGATTTGTTA   FFFFFFFFFFFFFFFFFFFFFFFFFFFFFFFFFFFFFFFFFFFFFFFFFFF:FFFFFFFFFFFFFFFFFFFFFFFFFFFFFFFFFFFFFFFFFFFFFFFFFFFFFFFFFFFFFFFFFFFFFFFFFFFFFFFFFFFFFFFFF   NM:i:4  MD:Z:38T15T54C6T24      MC:Z:10S131M    AS:i:121        XS:i:116        RG:Z:Triticum
A00682:294:H3232DSXY:1:1101:11342:24424 163     34      157510781       40      10S131M =       157510934       294     GAAAGTTTACCGCTGTTGCAAAAATTCCCTACAAAGGTCAGAGAATGGTATAATATTGAATCTTTTTGCATATTAAGCTATGATAAATTTATTACAGTGGGAATTTTAGTTCATATTTTTTGGAGATAGGGAAGTATTGTT   FFFFFFFFFFFFFFFFFFFFF::FFFFFFFFFFFFFFFFFFFFFFFFFFFFFFFFFFFFFFFFFFFFF:FFFFFFFFFFF:FFFFFFFFFFFFFFFFFFFFFFFF:FFFFFFFFFFFFFFFFFFFFFFFFFFFFFF:FFFF   NM:i:6  MD:Z:21G21C23A1C35A10C14        MC:Z:141M       AS:i:101        XS:i:108        RG:Z:Triticum
A00682:294:H3232DSXY:1:1101:30382:24424 99      35      51249395        60      141M    =       51249496        242     GGGCTCCACTACTGATCATCAGGAAACGAAACATATTAACGACCAAGTTCTTCATCGAGCTCTCACATTGAGCTGGGTAGCATCGCCTGCACTGGCATCATCGGCACCTGCAACTGTTTTGGTAGAATATGTGAGTCACGA   FFFFFFFFFFFFFFFFFFFFFFFFFFFFFFFFFFFFFFFFFFFFFFFFFFFFFFFFFFFFFFFFFFFFFFFFFFFFFF,FFFFFFFFFFFFFFFFFFFFFFFFFFFFFFFFFFFFFFFFFFFFFFFFFFFFFFFFFFFFFF   NM:i:0  MD:Z:141        MC:Z:141M       AS:i:141        XS:i:113        RG:Z:Triticum   XA:Z:35,+51257235,66M1I74M,5;
A00682:294:H3232DSXY:1:1101:30382:24424 147     35      51249496        41      141M    =       51249395        -242    CGGCACCTGCAACTGTTTTGGTAGAATATGTGAGTCACGAGGACTCAGCAATCTCACACCCGCGAGATCAAGACTATTTAAGCTTATGGGTAGGAAAGGGGTAATGAGGTGGAGCTGCAGCAAGCACTAAGCAAATATGGT   FFFFFFFFFFFFFFFFF:FF:FFFFFFFFFFFFFFFFFFF:FFFFFFFFFFFFFFFFFFFFFFFFFFFFFFFFFFFF:FFFFFFFF,FFFFFFFFFFFFFFFFFFFFFFFFFFFFFFFFFFFFFFFFFFFFFFFFFFFFF:   NM:i:0  MD:Z:141        MC:Z:141M       AS:i:141        XS:i:136        RG:Z:Triticum
A00682:294:H3232DSXY:1:1101:27896:24439 77      *       0       0       *       *       0       0       GCCCTGATTTTTGGCGAAATTCGCCATCAAATCGCTGAAACCAATGACTTCAACATTATCCAGATGGGATGTGACCTGGGTCGCCAGCGCCACGCGTTCATCCAGCGAAAACATCGGTTTTTTGCTCGGGCTGGCCGCAAT   FFFFFFFF:FFFFFFFFFFFFFFFFFFFFFFFFFFFFFFFFFFFFFFFFFFFFFFFFFFFFFFFFFFFFFFFFFFFFFFFFFFFFFFFFFFFFFFFFFFFFFFFFFFFFFFF:FFFFFF:FFFFFFFFFFFFFFFFFFF:F   AS:i:0  XS:i:0  RG:Z:Triticum



